{
  "mode": "continuous",
  "band": {
    "lo": -0.009648394168802038,
    "hi": 0.0005654202103922895
  },
  "dir": 1.0,
  "lag_days": 0,
  "kpis": {
    "CAGR": 0.6773458181421779,
    "Sharpe": 2.326452763803348,
    "MaxDD": -0.10020990850452316,
    "HitRate": 0.3717948717948718,
    "Turnover": 64.258567317027,
    "AvgPos": 0.4754480476666687
  },
  "pred_col": "score",
  "smooth_span": 5,
  "cost_bps": 5
}